-- MySQL dump 10.13  Distrib 5.7.30, for Linux (x86_64)
--
-- Host: localhost    Database: indmei
-- ------------------------------------------------------
-- Server version	5.7.30-0ubuntu0.18.04.1

/*!40101 SET @OLD_CHARACTER_SET_CLIENT=@@CHARACTER_SET_CLIENT */;
/*!40101 SET @OLD_CHARACTER_SET_RESULTS=@@CHARACTER_SET_RESULTS */;
/*!40101 SET @OLD_COLLATION_CONNECTION=@@COLLATION_CONNECTION */;
/*!40101 SET NAMES utf8 */;
/*!40103 SET @OLD_TIME_ZONE=@@TIME_ZONE */;
/*!40103 SET TIME_ZONE='+00:00' */;
/*!40014 SET @OLD_UNIQUE_CHECKS=@@UNIQUE_CHECKS, UNIQUE_CHECKS=0 */;
/*!40014 SET @OLD_FOREIGN_KEY_CHECKS=@@FOREIGN_KEY_CHECKS, FOREIGN_KEY_CHECKS=0 */;
/*!40101 SET @OLD_SQL_MODE=@@SQL_MODE, SQL_MODE='NO_AUTO_VALUE_ON_ZERO' */;
/*!40111 SET @OLD_SQL_NOTES=@@SQL_NOTES, SQL_NOTES=0 */;

--
-- Table structure for table `controlo`
--

DROP TABLE IF EXISTS `controlo`;
/*!40101 SET @saved_cs_client     = @@character_set_client */;
/*!40101 SET character_set_client = utf8 */;
CREATE TABLE `controlo` (
  `descricao` varchar(100) COLLATE utf8_unicode_ci NOT NULL,
  `data_info` varchar(25) COLLATE utf8_unicode_ci NOT NULL,
  `duracao_periodo` smallint(5) unsigned NOT NULL,
  `duracao_bloco` tinyint(3) unsigned NOT NULL,
  `ref_cont_tempo_paragem` tinyint(3) unsigned NOT NULL,
  `ref_tempo_paragem` tinyint(3) unsigned NOT NULL,
  `ref_producao_periodo` smallint(5) unsigned NOT NULL
) ENGINE=InnoDB DEFAULT CHARSET=utf8 COLLATE=utf8_unicode_ci;
/*!40101 SET character_set_client = @saved_cs_client */;

--
-- Dumping data for table `controlo`
--

LOCK TABLES `controlo` WRITE;
/*!40000 ALTER TABLE `controlo` DISABLE KEYS */;
INSERT INTO `controlo` VALUES ('POSTO 1','data1',60,8,10,12,150),('descricao2','data2',60,8,10,11,120),('descricao3','data3',60,8,10,12,120),('descricao4','data4',60,8,10,13,120),('descricao5','data5',60,8,10,14,120),('descricao6','data6',60,8,10,15,120);
/*!40000 ALTER TABLE `controlo` ENABLE KEYS */;
UNLOCK TABLES;

--
-- Table structure for table `data1`
--

DROP TABLE IF EXISTS `data1`;
/*!40101 SET @saved_cs_client     = @@character_set_client */;
/*!40101 SET character_set_client = utf8 */;
CREATE TABLE `data1` (
  `id_turno` tinyint(3) unsigned NOT NULL,
  `id_bloco` tinyint(3) unsigned NOT NULL,
  `nr_pecas_periodo` smallint(5) unsigned NOT NULL,
  `total_pecas_bloco` smallint(5) unsigned NOT NULL,
  `tempo_paragem_total` smallint(5) unsigned NOT NULL,
  `hora_inicio_periodo` time NOT NULL,
  `hora_primeira_peca` time NOT NULL,
  `hora_ultima_peca` time NOT NULL,
  `data` date NOT NULL
) ENGINE=InnoDB DEFAULT CHARSET=utf8 COLLATE=utf8_unicode_ci;
/*!40101 SET character_set_client = @saved_cs_client */;

--
-- Dumping data for table `data1`
--

LOCK TABLES `data1` WRITE;
/*!40000 ALTER TABLE `data1` DISABLE KEYS */;
INSERT INTO `data1` VALUES (2,1,0,0,3589,'17:00:00','00:00:00','17:59:59','2013-01-12'),(2,1,9,9,357,'18:00:00','18:06:07','18:06:23','2013-01-12'),(2,1,0,0,0,'15:00:00','00:00:00','15:00:00','2014-02-15'),(2,1,0,0,0,'16:00:00','00:00:00','16:00:00','2014-02-15'),(2,1,1,1,915,'17:00:00','17:15:25','17:15:25','2014-02-15'),(2,1,119,119,1653,'15:00:00','15:00:00','16:00:00','2020-04-22'),(2,1,109,109,1587,'15:00:00','15:00:00','16:00:00','2020-04-23'),(2,1,111,111,1593,'15:00:00','15:00:00','16:00:00','2020-04-24'),(2,1,106,106,1641,'15:00:00','15:00:00','16:00:00','2020-04-25'),(2,1,102,102,1410,'15:00:00','15:00:00','16:00:00','2020-04-26'),(2,1,101,101,1408,'15:00:00','15:00:00','16:00:00','2020-04-27'),(2,1,109,109,1457,'15:00:00','15:00:00','16:00:00','2020-04-28'),(2,1,117,117,1361,'15:00:00','15:00:00','16:00:00','2020-04-29'),(2,1,119,119,1294,'15:00:00','15:00:00','16:00:00','2020-04-30'),(2,1,107,107,1462,'15:00:00','15:00:00','16:00:00','2020-05-01'),(2,1,114,114,1436,'15:00:00','15:00:00','16:00:00','2020-05-02'),(2,1,128,128,1580,'15:00:00','15:00:00','16:00:00','2020-05-03'),(2,1,100,100,1466,'15:00:00','15:00:00','16:00:00','2020-05-04'),(2,1,108,108,1540,'15:00:00','15:00:00','16:00:00','2020-05-05'),(2,1,115,115,1307,'15:00:00','15:00:00','16:00:00','2020-05-06'),(2,1,107,107,1550,'15:00:00','15:00:00','16:00:00','2020-05-07'),(1,1,110,110,1388,'07:00:00','07:00:00','08:00:00','2020-04-22'),(1,1,108,108,1631,'07:00:00','07:00:00','08:00:00','2020-04-23'),(1,1,113,113,1603,'07:00:00','07:00:00','08:00:00','2020-04-24'),(1,1,123,123,1417,'07:00:00','07:00:00','08:00:00','2020-04-25'),(1,1,128,128,1523,'07:00:00','07:00:00','08:00:00','2020-04-26'),(1,1,110,110,1623,'07:00:00','07:00:00','08:00:00','2020-04-27'),(1,1,117,117,1635,'07:00:00','07:00:00','08:00:00','2020-04-28'),(1,1,109,109,1386,'07:00:00','07:00:00','08:00:00','2020-04-29'),(1,1,102,102,1500,'07:00:00','07:00:00','08:00:00','2020-04-30'),(1,1,108,108,1224,'07:00:00','07:00:00','08:00:00','2020-05-01'),(1,1,113,113,1625,'07:00:00','07:00:00','08:00:00','2020-05-02'),(1,1,129,129,1313,'07:00:00','07:00:00','08:00:00','2020-05-03'),(1,1,117,117,1690,'07:00:00','07:00:00','08:00:00','2020-05-04'),(1,1,122,122,1394,'07:00:00','07:00:00','08:00:00','2020-05-05'),(1,1,122,122,1242,'07:00:00','07:00:00','08:00:00','2020-05-06'),(1,1,102,102,1241,'07:00:00','07:00:00','08:00:00','2020-05-07'),(3,1,107,107,1254,'23:00:00','23:00:00','23:30:00','2020-04-22'),(3,1,125,125,1321,'23:00:00','23:00:00','23:30:00','2020-04-23'),(3,1,118,118,1511,'23:00:00','23:00:00','23:30:00','2020-04-24'),(3,1,120,120,1269,'23:00:00','23:00:00','23:30:00','2020-04-25'),(3,1,115,115,1402,'23:00:00','23:00:00','23:30:00','2020-04-26'),(3,1,103,103,1566,'23:00:00','23:00:00','23:30:00','2020-04-27'),(3,1,100,100,1402,'23:00:00','23:00:00','23:30:00','2020-04-28'),(3,1,104,104,1467,'23:00:00','23:00:00','23:30:00','2020-04-29'),(3,1,108,108,1405,'23:00:00','23:00:00','23:30:00','2020-04-30'),(3,1,110,110,1629,'23:00:00','23:00:00','23:30:00','2020-05-01'),(3,1,100,100,1669,'23:00:00','23:00:00','23:30:00','2020-05-02'),(3,1,121,121,1564,'23:00:00','23:00:00','23:30:00','2020-05-03'),(3,1,128,128,1266,'23:00:00','23:00:00','23:30:00','2020-05-04'),(3,1,106,106,1477,'23:00:00','23:00:00','23:30:00','2020-05-05'),(3,1,115,115,1556,'23:00:00','23:00:00','23:30:00','2020-05-06'),(3,1,124,124,1206,'23:00:00','23:00:00','23:30:00','2020-05-07'),(3,1,109,109,1621,'23:00:00','23:00:00','23:30:00','2020-05-13'),(3,1,103,103,1660,'23:00:00','23:00:00','23:30:00','2020-05-14'),(3,1,101,101,1597,'23:00:00','23:00:00','23:30:00','2020-05-15'),(3,1,130,130,1682,'23:00:00','23:00:00','23:30:00','2020-05-16'),(3,1,132,132,1683,'23:00:00','23:00:00','23:30:00','2020-05-17'),(3,1,133,133,1269,'23:00:00','23:00:00','23:30:00','2020-05-18'),(3,1,148,148,1664,'23:00:00','23:00:00','23:30:00','2020-05-19'),(3,1,145,145,1286,'23:00:00','23:00:00','23:30:00','2020-05-20'),(3,1,114,114,1327,'23:00:00','23:00:00','23:30:00','2020-05-21'),(3,1,132,132,1484,'23:00:00','23:00:00','23:30:00','2020-05-22'),(3,1,146,146,1333,'23:00:00','23:00:00','23:30:00','2020-05-23'),(3,1,130,130,1505,'23:00:00','23:00:00','23:30:00','2020-05-24'),(3,1,140,140,1616,'23:00:00','23:00:00','23:30:00','2020-05-25'),(3,1,114,114,1397,'23:00:00','23:00:00','23:30:00','2020-05-26'),(3,1,139,139,1669,'23:00:00','23:00:00','23:30:00','2020-05-27'),(3,1,114,114,1454,'23:00:00','23:00:00','23:30:00','2020-05-28'),(2,1,121,121,1610,'15:00:00','15:00:00','16:00:00','2020-05-13'),(2,1,140,140,1638,'15:00:00','15:00:00','16:00:00','2020-05-14'),(2,1,141,141,1329,'15:00:00','15:00:00','16:00:00','2020-05-15'),(2,1,119,119,1278,'15:00:00','15:00:00','16:00:00','2020-05-16'),(2,1,113,113,1603,'15:00:00','15:00:00','16:00:00','2020-05-17'),(2,1,100,100,1475,'15:00:00','15:00:00','16:00:00','2020-05-18'),(2,1,100,100,1471,'15:00:00','15:00:00','16:00:00','2020-05-19'),(2,1,123,123,1669,'15:00:00','15:00:00','16:00:00','2020-05-20'),(2,1,128,128,1306,'15:00:00','15:00:00','16:00:00','2020-05-21'),(2,1,140,140,1668,'15:00:00','15:00:00','16:00:00','2020-05-22'),(2,1,141,141,1428,'15:00:00','15:00:00','16:00:00','2020-05-23'),(2,1,101,101,1508,'15:00:00','15:00:00','16:00:00','2020-05-24'),(2,1,145,145,1435,'15:00:00','15:00:00','16:00:00','2020-05-25'),(2,1,109,109,1448,'15:00:00','15:00:00','16:00:00','2020-05-26'),(2,1,116,116,1302,'15:00:00','15:00:00','16:00:00','2020-05-27'),(2,1,1293,1293,2352,'15:00:00','15:00:00','15:59:45','2020-05-28'),(1,1,116,116,1486,'07:00:00','07:00:00','08:00:00','2020-05-13'),(1,1,101,101,1369,'07:00:00','07:00:00','08:00:00','2020-05-14'),(1,1,146,146,1642,'07:00:00','07:00:00','08:00:00','2020-05-15'),(1,1,112,112,1505,'07:00:00','07:00:00','08:00:00','2020-05-16'),(1,1,146,146,1474,'07:00:00','07:00:00','08:00:00','2020-05-17'),(1,1,140,140,1349,'07:00:00','07:00:00','08:00:00','2020-05-18'),(1,1,116,116,1265,'07:00:00','07:00:00','08:00:00','2020-05-19'),(1,1,134,134,1228,'07:00:00','07:00:00','08:00:00','2020-05-20'),(1,1,103,103,1427,'07:00:00','07:00:00','08:00:00','2020-05-21'),(1,1,111,111,1248,'07:00:00','07:00:00','08:00:00','2020-05-22'),(1,1,123,123,1500,'07:00:00','07:00:00','08:00:00','2020-05-23'),(1,1,133,133,1590,'07:00:00','07:00:00','08:00:00','2020-05-24'),(1,1,148,148,1470,'07:00:00','07:00:00','08:00:00','2020-05-25'),(1,1,129,129,1485,'07:00:00','07:00:00','08:00:00','2020-05-26'),(1,1,130,130,1447,'07:00:00','07:00:00','08:00:00','2020-05-27'),(1,1,122,122,1347,'07:00:00','07:00:00','08:00:00','2020-05-28'),(2,1,1953,2923,2947,'16:00:00','16:30:42','16:20:21','2020-05-28'),(2,1,85,85,2464,'14:00:00','14:10:07','14:44:10','2020-06-08'),(2,1,33,118,2810,'20:00:00','20:46:38','20:48:12','2020-06-08');
/*!40000 ALTER TABLE `data1` ENABLE KEYS */;
UNLOCK TABLES;

--
-- Table structure for table `data2`
--

DROP TABLE IF EXISTS `data2`;
/*!40101 SET @saved_cs_client     = @@character_set_client */;
/*!40101 SET character_set_client = utf8 */;
CREATE TABLE `data2` (
  `id_turno` tinyint(3) unsigned NOT NULL,
  `id_bloco` tinyint(3) unsigned NOT NULL,
  `nr_pecas_periodo` smallint(5) unsigned NOT NULL,
  `total_pecas_bloco` smallint(5) unsigned NOT NULL,
  `tempo_paragem_total` smallint(5) unsigned NOT NULL,
  `hora_inicio_periodo` time NOT NULL,
  `hora_primeira_peca` time NOT NULL,
  `hora_ultima_peca` time NOT NULL,
  `data` date NOT NULL
) ENGINE=InnoDB DEFAULT CHARSET=utf8 COLLATE=utf8_unicode_ci;
/*!40101 SET character_set_client = @saved_cs_client */;

--
-- Dumping data for table `data2`
--

LOCK TABLES `data2` WRITE;
/*!40000 ALTER TABLE `data2` DISABLE KEYS */;
INSERT INTO `data2` VALUES (2,1,0,0,3589,'17:00:00','00:00:00','17:59:59','2013-01-12'),(2,1,9,9,357,'18:00:00','18:06:07','18:06:23','2013-01-12'),(2,1,0,0,0,'15:00:00','00:00:00','15:00:00','2014-02-15'),(2,1,0,0,0,'16:00:00','00:00:00','16:00:00','2014-02-15'),(2,1,1,1,915,'17:00:00','17:15:25','17:15:25','2014-02-15'),(1,1,107,107,1227,'07:00:00','07:00:00','08:00:00','2020-04-22'),(1,1,118,118,1616,'07:00:00','07:00:00','08:00:00','2020-04-23'),(1,1,118,118,1397,'07:00:00','07:00:00','08:00:00','2020-04-24'),(1,1,109,109,1406,'07:00:00','07:00:00','08:00:00','2020-04-25'),(1,1,111,111,1501,'07:00:00','07:00:00','08:00:00','2020-04-26'),(1,1,113,113,1614,'07:00:00','07:00:00','08:00:00','2020-04-27'),(1,1,100,100,1484,'07:00:00','07:00:00','08:00:00','2020-04-28'),(1,1,116,116,1503,'07:00:00','07:00:00','08:00:00','2020-04-29'),(1,1,119,119,1260,'07:00:00','07:00:00','08:00:00','2020-04-30'),(1,1,106,106,1497,'07:00:00','07:00:00','08:00:00','2020-05-01'),(1,1,119,119,1595,'07:00:00','07:00:00','08:00:00','2020-05-02'),(1,1,109,109,1254,'07:00:00','07:00:00','08:00:00','2020-05-03'),(1,1,109,109,1394,'07:00:00','07:00:00','08:00:00','2020-05-04'),(1,1,107,107,1675,'07:00:00','07:00:00','08:00:00','2020-05-05'),(1,1,118,118,1358,'07:00:00','07:00:00','08:00:00','2020-05-06'),(1,1,114,114,1630,'07:00:00','07:00:00','08:00:00','2020-05-07'),(2,1,124,124,1227,'15:00:00','15:00:00','16:00:00','2020-04-22'),(2,1,123,123,1436,'15:00:00','15:00:00','16:00:00','2020-04-23'),(2,1,104,104,1519,'15:00:00','15:00:00','16:00:00','2020-04-24'),(2,1,110,110,1396,'15:00:00','15:00:00','16:00:00','2020-04-25'),(2,1,109,109,1676,'15:00:00','15:00:00','16:00:00','2020-04-26'),(2,1,110,110,1222,'15:00:00','15:00:00','16:00:00','2020-04-27'),(2,1,123,123,1570,'15:00:00','15:00:00','16:00:00','2020-04-28'),(2,1,120,120,1651,'15:00:00','15:00:00','16:00:00','2020-04-29'),(2,1,108,108,1246,'15:00:00','15:00:00','16:00:00','2020-04-30'),(2,1,119,119,1253,'15:00:00','15:00:00','16:00:00','2020-05-01'),(2,1,122,122,1214,'15:00:00','15:00:00','16:00:00','2020-05-02'),(2,1,128,128,1274,'15:00:00','15:00:00','16:00:00','2020-05-03'),(2,1,113,113,1684,'15:00:00','15:00:00','16:00:00','2020-05-04'),(2,1,100,100,1241,'15:00:00','15:00:00','16:00:00','2020-05-05'),(2,1,121,121,1397,'15:00:00','15:00:00','16:00:00','2020-05-06'),(2,1,118,118,1467,'15:00:00','15:00:00','16:00:00','2020-05-07'),(3,1,119,119,1486,'23:00:00','23:00:00','23:30:00','2020-04-22'),(3,1,107,107,1430,'23:00:00','23:00:00','23:30:00','2020-04-23'),(3,1,127,127,1435,'23:00:00','23:00:00','23:30:00','2020-04-24'),(3,1,107,107,1584,'23:00:00','23:00:00','23:30:00','2020-04-25'),(3,1,112,112,1273,'23:00:00','23:00:00','23:30:00','2020-04-26'),(3,1,109,109,1555,'23:00:00','23:00:00','23:30:00','2020-04-27'),(3,1,105,105,1649,'23:00:00','23:00:00','23:30:00','2020-04-28'),(3,1,130,130,1582,'23:00:00','23:00:00','23:30:00','2020-04-29'),(3,1,100,100,1542,'23:00:00','23:00:00','23:30:00','2020-04-30'),(3,1,102,102,1525,'23:00:00','23:00:00','23:30:00','2020-05-01'),(3,1,100,100,1393,'23:00:00','23:00:00','23:30:00','2020-05-02'),(3,1,126,126,1642,'23:00:00','23:00:00','23:30:00','2020-05-03'),(3,1,129,129,1241,'23:00:00','23:00:00','23:30:00','2020-05-04'),(3,1,127,127,1216,'23:00:00','23:00:00','23:30:00','2020-05-05'),(3,1,121,121,1445,'23:00:00','23:00:00','23:30:00','2020-05-06'),(3,1,115,115,1695,'23:00:00','23:00:00','23:30:00','2020-05-07'),(3,1,138,138,1268,'23:00:00','23:00:00','23:30:00','2020-05-13'),(3,1,113,113,1375,'23:00:00','23:00:00','23:30:00','2020-05-14'),(3,1,143,143,1559,'23:00:00','23:00:00','23:30:00','2020-05-15'),(3,1,100,100,1390,'23:00:00','23:00:00','23:30:00','2020-05-16'),(3,1,108,108,1311,'23:00:00','23:00:00','23:30:00','2020-05-17'),(3,1,117,117,1475,'23:00:00','23:00:00','23:30:00','2020-05-18'),(3,1,146,146,1577,'23:00:00','23:00:00','23:30:00','2020-05-19'),(3,1,142,142,1687,'23:00:00','23:00:00','23:30:00','2020-05-20'),(3,1,124,124,1310,'23:00:00','23:00:00','23:30:00','2020-05-21'),(3,1,105,105,1474,'23:00:00','23:00:00','23:30:00','2020-05-22'),(3,1,124,124,1222,'23:00:00','23:00:00','23:30:00','2020-05-23'),(3,1,114,114,1405,'23:00:00','23:00:00','23:30:00','2020-05-24'),(3,1,114,114,1525,'23:00:00','23:00:00','23:30:00','2020-05-25'),(3,1,143,143,1235,'23:00:00','23:00:00','23:30:00','2020-05-26'),(3,1,107,107,1256,'23:00:00','23:00:00','23:30:00','2020-05-27'),(3,1,145,145,1474,'23:00:00','23:00:00','23:30:00','2020-05-28'),(2,1,131,131,1698,'15:00:00','15:00:00','16:00:00','2020-05-13'),(2,1,101,101,1495,'15:00:00','15:00:00','16:00:00','2020-05-14'),(2,1,124,124,1691,'15:00:00','15:00:00','16:00:00','2020-05-15'),(2,1,128,128,1534,'15:00:00','15:00:00','16:00:00','2020-05-16'),(2,1,127,127,1233,'15:00:00','15:00:00','16:00:00','2020-05-17'),(2,1,126,126,1539,'15:00:00','15:00:00','16:00:00','2020-05-18'),(2,1,138,138,1442,'15:00:00','15:00:00','16:00:00','2020-05-19'),(2,1,115,115,1542,'15:00:00','15:00:00','16:00:00','2020-05-20'),(2,1,115,115,1438,'15:00:00','15:00:00','16:00:00','2020-05-21'),(2,1,102,102,1280,'15:00:00','15:00:00','16:00:00','2020-05-22'),(2,1,105,105,1634,'15:00:00','15:00:00','16:00:00','2020-05-23'),(2,1,101,101,1669,'15:00:00','15:00:00','16:00:00','2020-05-24'),(2,1,100,100,1420,'15:00:00','15:00:00','16:00:00','2020-05-25'),(2,1,115,115,1374,'15:00:00','15:00:00','16:00:00','2020-05-26'),(2,1,134,134,1515,'15:00:00','15:00:00','16:00:00','2020-05-27'),(2,1,191,191,2423,'15:00:00','15:00:00','15:59:44','2020-05-28'),(1,1,136,136,1411,'07:00:00','07:00:00','08:00:00','2020-05-13'),(1,1,144,144,1642,'07:00:00','07:00:00','08:00:00','2020-05-14'),(1,1,128,128,1265,'07:00:00','07:00:00','08:00:00','2020-05-15'),(1,1,105,105,1495,'07:00:00','07:00:00','08:00:00','2020-05-16'),(1,1,145,145,1680,'07:00:00','07:00:00','08:00:00','2020-05-17'),(1,1,112,112,1353,'07:00:00','07:00:00','08:00:00','2020-05-18'),(1,1,134,134,1391,'07:00:00','07:00:00','08:00:00','2020-05-19'),(1,1,104,104,1335,'07:00:00','07:00:00','08:00:00','2020-05-20'),(1,1,109,109,1487,'07:00:00','07:00:00','08:00:00','2020-05-21'),(1,1,100,100,1419,'07:00:00','07:00:00','08:00:00','2020-05-22'),(1,1,137,137,1426,'07:00:00','07:00:00','08:00:00','2020-05-23'),(1,1,128,128,1652,'07:00:00','07:00:00','08:00:00','2020-05-24'),(1,1,142,142,1419,'07:00:00','07:00:00','08:00:00','2020-05-25'),(1,1,146,146,1478,'07:00:00','07:00:00','08:00:00','2020-05-26'),(1,1,133,133,1661,'07:00:00','07:00:00','08:00:00','2020-05-27'),(1,1,145,145,1656,'07:00:00','07:00:00','08:00:00','2020-05-28'),(2,1,138,316,2909,'16:00:00','16:30:42','16:20:05','2020-05-28'),(2,1,85,85,2464,'14:00:00','14:10:07','14:44:11','2020-06-08'),(2,1,31,116,2788,'20:00:00','20:46:38','20:47:40','2020-06-08');
/*!40000 ALTER TABLE `data2` ENABLE KEYS */;
UNLOCK TABLES;

--
-- Table structure for table `data3`
--

DROP TABLE IF EXISTS `data3`;
/*!40101 SET @saved_cs_client     = @@character_set_client */;
/*!40101 SET character_set_client = utf8 */;
CREATE TABLE `data3` (
  `id_turno` tinyint(3) unsigned NOT NULL,
  `id_bloco` tinyint(3) unsigned NOT NULL,
  `nr_pecas_periodo` smallint(5) unsigned NOT NULL,
  `total_pecas_bloco` smallint(5) unsigned NOT NULL,
  `tempo_paragem_total` smallint(5) unsigned NOT NULL,
  `hora_inicio_periodo` time NOT NULL,
  `hora_primeira_peca` time NOT NULL,
  `hora_ultima_peca` time NOT NULL,
  `data` date NOT NULL
) ENGINE=InnoDB DEFAULT CHARSET=utf8 COLLATE=utf8_unicode_ci;
/*!40101 SET character_set_client = @saved_cs_client */;

--
-- Dumping data for table `data3`
--

LOCK TABLES `data3` WRITE;
/*!40000 ALTER TABLE `data3` DISABLE KEYS */;
INSERT INTO `data3` VALUES (2,1,0,0,3589,'17:00:00','00:00:00','17:59:59','2013-01-12'),(2,1,8,8,357,'18:00:00','18:06:07','18:06:23','2013-01-12'),(2,1,0,0,0,'15:00:00','00:00:00','15:00:00','2014-02-15'),(2,1,0,0,0,'16:00:00','00:00:00','16:00:00','2014-02-15'),(2,1,8,8,889,'17:00:00','17:11:49','17:15:27','2014-02-15'),(2,1,103,103,1612,'15:00:00','15:00:00','16:00:00','2020-04-22'),(2,1,100,100,1510,'15:00:00','15:00:00','16:00:00','2020-04-23'),(2,1,106,106,1593,'15:00:00','15:00:00','16:00:00','2020-04-24'),(2,1,122,122,1374,'15:00:00','15:00:00','16:00:00','2020-04-25'),(2,1,113,113,1270,'15:00:00','15:00:00','16:00:00','2020-04-26'),(2,1,102,102,1612,'15:00:00','15:00:00','16:00:00','2020-04-27'),(2,1,111,111,1609,'15:00:00','15:00:00','16:00:00','2020-04-28'),(2,1,123,123,1455,'15:00:00','15:00:00','16:00:00','2020-04-29'),(2,1,125,125,1469,'15:00:00','15:00:00','16:00:00','2020-04-30'),(2,1,107,107,1371,'15:00:00','15:00:00','16:00:00','2020-05-01'),(2,1,103,103,1493,'15:00:00','15:00:00','16:00:00','2020-05-02'),(2,1,128,128,1353,'15:00:00','15:00:00','16:00:00','2020-05-03'),(2,1,117,117,1466,'15:00:00','15:00:00','16:00:00','2020-05-04'),(2,1,105,105,1549,'15:00:00','15:00:00','16:00:00','2020-05-05'),(2,1,102,102,1622,'15:00:00','15:00:00','16:00:00','2020-05-06'),(2,1,130,130,1582,'15:00:00','15:00:00','16:00:00','2020-05-07'),(1,1,101,101,1398,'07:00:00','07:00:00','08:00:00','2020-04-22'),(1,1,118,118,1343,'07:00:00','07:00:00','08:00:00','2020-04-23'),(1,1,130,130,1483,'07:00:00','07:00:00','08:00:00','2020-04-24'),(1,1,126,126,1278,'07:00:00','07:00:00','08:00:00','2020-04-25'),(1,1,124,124,1352,'07:00:00','07:00:00','08:00:00','2020-04-26'),(1,1,101,101,1228,'07:00:00','07:00:00','08:00:00','2020-04-27'),(1,1,115,115,1400,'07:00:00','07:00:00','08:00:00','2020-04-28'),(1,1,100,100,1403,'07:00:00','07:00:00','08:00:00','2020-04-29'),(1,1,123,123,1417,'07:00:00','07:00:00','08:00:00','2020-04-30'),(1,1,104,104,1230,'07:00:00','07:00:00','08:00:00','2020-05-01'),(1,1,101,101,1624,'07:00:00','07:00:00','08:00:00','2020-05-02'),(1,1,112,112,1535,'07:00:00','07:00:00','08:00:00','2020-05-03'),(1,1,107,107,1591,'07:00:00','07:00:00','08:00:00','2020-05-04'),(1,1,110,110,1529,'07:00:00','07:00:00','08:00:00','2020-05-05'),(1,1,119,119,1661,'07:00:00','07:00:00','08:00:00','2020-05-06'),(1,1,105,105,1644,'07:00:00','07:00:00','08:00:00','2020-05-07'),(3,1,104,104,1676,'23:00:00','23:00:00','23:30:00','2020-04-22'),(3,1,111,111,1428,'23:00:00','23:00:00','23:30:00','2020-04-23'),(3,1,127,127,1257,'23:00:00','23:00:00','23:30:00','2020-04-24'),(3,1,110,110,1487,'23:00:00','23:00:00','23:30:00','2020-04-25'),(3,1,100,100,1218,'23:00:00','23:00:00','23:30:00','2020-04-26'),(3,1,108,108,1459,'23:00:00','23:00:00','23:30:00','2020-04-27'),(3,1,100,100,1611,'23:00:00','23:00:00','23:30:00','2020-04-28'),(3,1,105,105,1254,'23:00:00','23:00:00','23:30:00','2020-04-29'),(3,1,103,103,1408,'23:00:00','23:00:00','23:30:00','2020-04-30'),(3,1,130,130,1386,'23:00:00','23:00:00','23:30:00','2020-05-01'),(3,1,102,102,1419,'23:00:00','23:00:00','23:30:00','2020-05-02'),(3,1,121,121,1325,'23:00:00','23:00:00','23:30:00','2020-05-03'),(3,1,109,109,1371,'23:00:00','23:00:00','23:30:00','2020-05-04'),(3,1,120,120,1479,'23:00:00','23:00:00','23:30:00','2020-05-05'),(3,1,125,125,1423,'23:00:00','23:00:00','23:30:00','2020-05-06'),(3,1,120,120,1404,'23:00:00','23:00:00','23:30:00','2020-05-07'),(3,1,103,103,1611,'23:00:00','23:00:00','23:30:00','2020-05-13'),(3,1,114,114,1282,'23:00:00','23:00:00','23:30:00','2020-05-14'),(3,1,133,133,1634,'23:00:00','23:00:00','23:30:00','2020-05-15'),(3,1,142,142,1496,'23:00:00','23:00:00','23:30:00','2020-05-16'),(3,1,109,109,1463,'23:00:00','23:00:00','23:30:00','2020-05-17'),(3,1,128,128,1505,'23:00:00','23:00:00','23:30:00','2020-05-18'),(3,1,140,140,1693,'23:00:00','23:00:00','23:30:00','2020-05-19'),(3,1,115,115,1403,'23:00:00','23:00:00','23:30:00','2020-05-20'),(3,1,141,141,1444,'23:00:00','23:00:00','23:30:00','2020-05-21'),(3,1,130,130,1667,'23:00:00','23:00:00','23:30:00','2020-05-22'),(3,1,129,129,1602,'23:00:00','23:00:00','23:30:00','2020-05-23'),(3,1,145,145,1407,'23:00:00','23:00:00','23:30:00','2020-05-24'),(3,1,120,120,1488,'23:00:00','23:00:00','23:30:00','2020-05-25'),(3,1,146,146,1394,'23:00:00','23:00:00','23:30:00','2020-05-26'),(3,1,109,109,1435,'23:00:00','23:00:00','23:30:00','2020-05-27'),(3,1,105,105,1656,'23:00:00','23:00:00','23:30:00','2020-05-28'),(2,1,123,123,1547,'15:00:00','15:00:00','16:00:00','2020-05-13'),(2,1,133,133,1210,'15:00:00','15:00:00','16:00:00','2020-05-14'),(2,1,141,141,1401,'15:00:00','15:00:00','16:00:00','2020-05-15'),(2,1,107,107,1616,'15:00:00','15:00:00','16:00:00','2020-05-16'),(2,1,120,120,1368,'15:00:00','15:00:00','16:00:00','2020-05-17'),(2,1,128,128,1278,'15:00:00','15:00:00','16:00:00','2020-05-18'),(2,1,123,123,1259,'15:00:00','15:00:00','16:00:00','2020-05-19'),(2,1,106,106,1488,'15:00:00','15:00:00','16:00:00','2020-05-20'),(2,1,128,128,1500,'15:00:00','15:00:00','16:00:00','2020-05-21'),(2,1,135,135,1418,'15:00:00','15:00:00','16:00:00','2020-05-22'),(2,1,130,130,1616,'15:00:00','15:00:00','16:00:00','2020-05-23'),(2,1,103,103,1502,'15:00:00','15:00:00','16:00:00','2020-05-24'),(2,1,127,127,1391,'15:00:00','15:00:00','16:00:00','2020-05-25'),(2,1,114,114,1590,'15:00:00','15:00:00','16:00:00','2020-05-26'),(2,1,147,147,1533,'15:00:00','15:00:00','16:00:00','2020-05-27'),(2,1,134,134,2275,'15:00:00','15:00:00','15:59:32','2020-05-28'),(1,1,150,150,1640,'07:00:00','07:00:00','08:00:00','2020-05-13'),(1,1,104,104,1603,'07:00:00','07:00:00','08:00:00','2020-05-14'),(1,1,116,116,1601,'07:00:00','07:00:00','08:00:00','2020-05-15'),(1,1,111,111,1562,'07:00:00','07:00:00','08:00:00','2020-05-16'),(1,1,124,124,1656,'07:00:00','07:00:00','08:00:00','2020-05-17'),(1,1,137,137,1547,'07:00:00','07:00:00','08:00:00','2020-05-18'),(1,1,115,115,1242,'07:00:00','07:00:00','08:00:00','2020-05-19'),(1,1,148,148,1698,'07:00:00','07:00:00','08:00:00','2020-05-20'),(1,1,131,131,1237,'07:00:00','07:00:00','08:00:00','2020-05-21'),(1,1,104,104,1275,'07:00:00','07:00:00','08:00:00','2020-05-22'),(1,1,105,105,1202,'07:00:00','07:00:00','08:00:00','2020-05-23'),(1,1,138,138,1540,'07:00:00','07:00:00','08:00:00','2020-05-24'),(1,1,127,127,1228,'07:00:00','07:00:00','08:00:00','2020-05-25'),(1,1,115,115,1417,'07:00:00','07:00:00','08:00:00','2020-05-26'),(1,1,104,104,1449,'07:00:00','07:00:00','08:00:00','2020-05-27'),(1,1,130,130,1566,'07:00:00','07:00:00','08:00:00','2020-05-28'),(2,1,68,196,3020,'16:00:00','16:30:43','16:19:58','2020-05-28'),(2,1,85,85,2464,'14:00:00','14:10:07','14:44:11','2020-06-08'),(2,1,37,122,2800,'20:00:00','20:46:38','20:48:12','2020-06-08');
/*!40000 ALTER TABLE `data3` ENABLE KEYS */;
UNLOCK TABLES;

--
-- Table structure for table `data4`
--

DROP TABLE IF EXISTS `data4`;
/*!40101 SET @saved_cs_client     = @@character_set_client */;
/*!40101 SET character_set_client = utf8 */;
CREATE TABLE `data4` (
  `id_turno` tinyint(3) unsigned NOT NULL,
  `id_bloco` tinyint(3) unsigned NOT NULL,
  `nr_pecas_periodo` smallint(5) unsigned NOT NULL,
  `total_pecas_bloco` smallint(5) unsigned NOT NULL,
  `tempo_paragem_total` smallint(5) unsigned NOT NULL,
  `hora_inicio_periodo` time NOT NULL,
  `hora_primeira_peca` time NOT NULL,
  `hora_ultima_peca` time NOT NULL,
  `data` date NOT NULL
) ENGINE=InnoDB DEFAULT CHARSET=utf8 COLLATE=utf8_unicode_ci;
/*!40101 SET character_set_client = @saved_cs_client */;

--
-- Dumping data for table `data4`
--

LOCK TABLES `data4` WRITE;
/*!40000 ALTER TABLE `data4` DISABLE KEYS */;
INSERT INTO `data4` VALUES (2,1,0,0,3589,'17:00:00','00:00:00','17:59:59','2013-01-12'),(2,1,1,1,373,'18:00:00','18:06:23','18:06:23','2013-01-12'),(2,1,0,0,0,'15:00:00','00:00:00','15:00:00','2014-02-15'),(2,1,0,0,0,'16:00:00','00:00:00','16:00:00','2014-02-15'),(2,1,6,6,885,'17:00:00','17:12:15','17:15:25','2014-02-15'),(2,1,124,124,1542,'15:00:00','15:00:00','16:00:00','2020-04-22'),(2,1,122,122,1614,'15:00:00','15:00:00','16:00:00','2020-04-23'),(2,1,110,110,1575,'15:00:00','15:00:00','16:00:00','2020-04-24'),(2,1,108,108,1207,'15:00:00','15:00:00','16:00:00','2020-04-25'),(2,1,115,115,1562,'15:00:00','15:00:00','16:00:00','2020-04-26'),(2,1,101,101,1546,'15:00:00','15:00:00','16:00:00','2020-04-27'),(2,1,104,104,1502,'15:00:00','15:00:00','16:00:00','2020-04-28'),(2,1,108,108,1465,'15:00:00','15:00:00','16:00:00','2020-04-29'),(2,1,112,112,1671,'15:00:00','15:00:00','16:00:00','2020-04-30'),(2,1,118,118,1584,'15:00:00','15:00:00','16:00:00','2020-05-01'),(2,1,113,113,1600,'15:00:00','15:00:00','16:00:00','2020-05-02'),(2,1,111,111,1207,'15:00:00','15:00:00','16:00:00','2020-05-03'),(2,1,100,100,1507,'15:00:00','15:00:00','16:00:00','2020-05-04'),(2,1,102,102,1200,'15:00:00','15:00:00','16:00:00','2020-05-05'),(2,1,129,129,1371,'15:00:00','15:00:00','16:00:00','2020-05-06'),(2,1,123,123,1207,'15:00:00','15:00:00','16:00:00','2020-05-07'),(1,1,124,124,1275,'07:00:00','07:00:00','08:00:00','2020-04-22'),(1,1,109,109,1629,'07:00:00','07:00:00','08:00:00','2020-04-23'),(1,1,119,119,1551,'07:00:00','07:00:00','08:00:00','2020-04-24'),(1,1,121,121,1671,'07:00:00','07:00:00','08:00:00','2020-04-25'),(1,1,109,109,1564,'07:00:00','07:00:00','08:00:00','2020-04-26'),(1,1,119,119,1388,'07:00:00','07:00:00','08:00:00','2020-04-27'),(1,1,121,121,1571,'07:00:00','07:00:00','08:00:00','2020-04-28'),(1,1,121,121,1246,'07:00:00','07:00:00','08:00:00','2020-04-29'),(1,1,107,107,1690,'07:00:00','07:00:00','08:00:00','2020-04-30'),(1,1,108,108,1232,'07:00:00','07:00:00','08:00:00','2020-05-01'),(1,1,105,105,1302,'07:00:00','07:00:00','08:00:00','2020-05-02'),(1,1,123,123,1587,'07:00:00','07:00:00','08:00:00','2020-05-03'),(1,1,121,121,1310,'07:00:00','07:00:00','08:00:00','2020-05-04'),(1,1,130,130,1271,'07:00:00','07:00:00','08:00:00','2020-05-05'),(1,1,116,116,1319,'07:00:00','07:00:00','08:00:00','2020-05-06'),(1,1,108,108,1308,'07:00:00','07:00:00','08:00:00','2020-05-07'),(3,1,130,130,1461,'23:00:00','23:00:00','23:30:00','2020-04-22'),(3,1,100,100,1282,'23:00:00','23:00:00','23:30:00','2020-04-23'),(3,1,124,124,1473,'23:00:00','23:00:00','23:30:00','2020-04-24'),(3,1,105,105,1238,'23:00:00','23:00:00','23:30:00','2020-04-25'),(3,1,114,114,1573,'23:00:00','23:00:00','23:30:00','2020-04-26'),(3,1,112,112,1501,'23:00:00','23:00:00','23:30:00','2020-04-27'),(3,1,104,104,1405,'23:00:00','23:00:00','23:30:00','2020-04-28'),(3,1,124,124,1234,'23:00:00','23:00:00','23:30:00','2020-04-29'),(3,1,111,111,1352,'23:00:00','23:00:00','23:30:00','2020-04-30'),(3,1,123,123,1404,'23:00:00','23:00:00','23:30:00','2020-05-01'),(3,1,126,126,1361,'23:00:00','23:00:00','23:30:00','2020-05-02'),(3,1,119,119,1239,'23:00:00','23:00:00','23:30:00','2020-05-03'),(3,1,123,123,1610,'23:00:00','23:00:00','23:30:00','2020-05-04'),(3,1,108,108,1622,'23:00:00','23:00:00','23:30:00','2020-05-05'),(3,1,119,119,1474,'23:00:00','23:00:00','23:30:00','2020-05-06'),(3,1,114,114,1666,'23:00:00','23:00:00','23:30:00','2020-05-07'),(3,1,110,110,1225,'23:00:00','23:00:00','23:30:00','2020-05-13'),(3,1,117,117,1470,'23:00:00','23:00:00','23:30:00','2020-05-14'),(3,1,108,108,1303,'23:00:00','23:00:00','23:30:00','2020-05-15'),(3,1,136,136,1287,'23:00:00','23:00:00','23:30:00','2020-05-16'),(3,1,108,108,1214,'23:00:00','23:00:00','23:30:00','2020-05-17'),(3,1,127,127,1647,'23:00:00','23:00:00','23:30:00','2020-05-18'),(3,1,136,136,1476,'23:00:00','23:00:00','23:30:00','2020-05-19'),(3,1,112,112,1381,'23:00:00','23:00:00','23:30:00','2020-05-20'),(3,1,145,145,1440,'23:00:00','23:00:00','23:30:00','2020-05-21'),(3,1,119,119,1327,'23:00:00','23:00:00','23:30:00','2020-05-22'),(3,1,145,145,1412,'23:00:00','23:00:00','23:30:00','2020-05-23'),(3,1,123,123,1623,'23:00:00','23:00:00','23:30:00','2020-05-24'),(3,1,147,147,1469,'23:00:00','23:00:00','23:30:00','2020-05-25'),(3,1,118,118,1244,'23:00:00','23:00:00','23:30:00','2020-05-26'),(3,1,102,102,1267,'23:00:00','23:00:00','23:30:00','2020-05-27'),(3,1,149,149,1380,'23:00:00','23:00:00','23:30:00','2020-05-28'),(2,1,149,149,1225,'15:00:00','15:00:00','16:00:00','2020-05-13'),(2,1,144,144,1497,'15:00:00','15:00:00','16:00:00','2020-05-14'),(2,1,112,112,1655,'15:00:00','15:00:00','16:00:00','2020-05-15'),(2,1,125,125,1201,'15:00:00','15:00:00','16:00:00','2020-05-16'),(2,1,123,123,1556,'15:00:00','15:00:00','16:00:00','2020-05-17'),(2,1,128,128,1562,'15:00:00','15:00:00','16:00:00','2020-05-18'),(2,1,147,147,1625,'15:00:00','15:00:00','16:00:00','2020-05-19'),(2,1,149,149,1689,'15:00:00','15:00:00','16:00:00','2020-05-20'),(2,1,150,150,1370,'15:00:00','15:00:00','16:00:00','2020-05-21'),(2,1,117,117,1286,'15:00:00','15:00:00','16:00:00','2020-05-22'),(2,1,122,122,1596,'15:00:00','15:00:00','16:00:00','2020-05-23'),(2,1,106,106,1490,'15:00:00','15:00:00','16:00:00','2020-05-24'),(2,1,118,118,1285,'15:00:00','15:00:00','16:00:00','2020-05-25'),(2,1,107,107,1635,'15:00:00','15:00:00','16:00:00','2020-05-26'),(2,1,106,106,1244,'15:00:00','15:00:00','16:00:00','2020-05-27'),(2,1,140,140,1495,'15:00:00','15:00:00','16:00:00','2020-05-28'),(1,1,116,116,1380,'07:00:00','07:00:00','08:00:00','2020-05-13'),(1,1,117,117,1541,'07:00:00','07:00:00','08:00:00','2020-05-14'),(1,1,112,112,1575,'07:00:00','07:00:00','08:00:00','2020-05-15'),(1,1,114,114,1246,'07:00:00','07:00:00','08:00:00','2020-05-16'),(1,1,112,112,1247,'07:00:00','07:00:00','08:00:00','2020-05-17'),(1,1,127,127,1474,'07:00:00','07:00:00','08:00:00','2020-05-18'),(1,1,100,100,1463,'07:00:00','07:00:00','08:00:00','2020-05-19'),(1,1,103,103,1349,'07:00:00','07:00:00','08:00:00','2020-05-20'),(1,1,130,130,1207,'07:00:00','07:00:00','08:00:00','2020-05-21'),(1,1,144,144,1471,'07:00:00','07:00:00','08:00:00','2020-05-22'),(1,1,126,126,1481,'07:00:00','07:00:00','08:00:00','2020-05-23'),(1,1,100,100,1363,'07:00:00','07:00:00','08:00:00','2020-05-24'),(1,1,123,123,1584,'07:00:00','07:00:00','08:00:00','2020-05-25'),(1,1,105,105,1579,'07:00:00','07:00:00','08:00:00','2020-05-26'),(1,1,102,102,1323,'07:00:00','07:00:00','08:00:00','2020-05-27'),(1,1,108,108,1678,'07:00:00','07:00:00','08:00:00','2020-05-28'),(2,1,44,184,1120,'16:00:00','16:18:50','16:20:17','2020-05-28'),(2,1,85,85,2464,'14:00:00','14:10:07','14:44:11','2020-06-08'),(2,1,29,114,2788,'20:00:00','20:46:38','20:47:36','2020-06-08');
/*!40000 ALTER TABLE `data4` ENABLE KEYS */;
UNLOCK TABLES;

--
-- Table structure for table `data5`
--

DROP TABLE IF EXISTS `data5`;
/*!40101 SET @saved_cs_client     = @@character_set_client */;
/*!40101 SET character_set_client = utf8 */;
CREATE TABLE `data5` (
  `id_turno` tinyint(3) unsigned NOT NULL,
  `id_bloco` tinyint(3) unsigned NOT NULL,
  `nr_pecas_periodo` smallint(5) unsigned NOT NULL,
  `total_pecas_bloco` smallint(5) unsigned NOT NULL,
  `tempo_paragem_total` smallint(5) unsigned NOT NULL,
  `hora_inicio_periodo` time NOT NULL,
  `hora_primeira_peca` time NOT NULL,
  `hora_ultima_peca` time NOT NULL,
  `data` date NOT NULL
) ENGINE=InnoDB DEFAULT CHARSET=utf8 COLLATE=utf8_unicode_ci;
/*!40101 SET character_set_client = @saved_cs_client */;

--
-- Dumping data for table `data5`
--

LOCK TABLES `data5` WRITE;
/*!40000 ALTER TABLE `data5` DISABLE KEYS */;
INSERT INTO `data5` VALUES (2,1,0,0,3589,'17:00:00','00:00:00','17:59:59','2013-01-12'),(2,1,4,4,359,'18:00:00','18:06:07','18:06:23','2013-01-12'),(2,1,0,0,0,'15:00:00','00:00:00','15:00:00','2014-02-15'),(2,1,0,0,0,'16:00:00','00:00:00','16:00:00','2014-02-15'),(2,1,12,12,1320,'17:00:00','17:16:45','17:22:54','2014-02-15'),(2,1,112,112,1261,'15:00:00','15:00:00','16:00:00','2020-04-22'),(2,1,130,130,1351,'15:00:00','15:00:00','16:00:00','2020-04-23'),(2,1,108,108,1545,'15:00:00','15:00:00','16:00:00','2020-04-24'),(2,1,125,125,1358,'15:00:00','15:00:00','16:00:00','2020-04-25'),(2,1,123,123,1304,'15:00:00','15:00:00','16:00:00','2020-04-26'),(2,1,118,118,1245,'15:00:00','15:00:00','16:00:00','2020-04-27'),(2,1,101,101,1231,'15:00:00','15:00:00','16:00:00','2020-04-28'),(2,1,130,130,1662,'15:00:00','15:00:00','16:00:00','2020-04-29'),(2,1,127,127,1645,'15:00:00','15:00:00','16:00:00','2020-04-30'),(2,1,113,113,1228,'15:00:00','15:00:00','16:00:00','2020-05-01'),(2,1,116,116,1322,'15:00:00','15:00:00','16:00:00','2020-05-02'),(2,1,126,126,1473,'15:00:00','15:00:00','16:00:00','2020-05-03'),(2,1,119,119,1592,'15:00:00','15:00:00','16:00:00','2020-05-04'),(2,1,104,104,1491,'15:00:00','15:00:00','16:00:00','2020-05-05'),(2,1,115,115,1490,'15:00:00','15:00:00','16:00:00','2020-05-06'),(2,1,123,123,1317,'15:00:00','15:00:00','16:00:00','2020-05-07'),(1,1,124,124,1357,'07:00:00','07:00:00','08:00:00','2020-04-22'),(1,1,108,108,1274,'07:00:00','07:00:00','08:00:00','2020-04-23'),(1,1,112,112,1600,'07:00:00','07:00:00','08:00:00','2020-04-24'),(1,1,123,123,1358,'07:00:00','07:00:00','08:00:00','2020-04-25'),(1,1,115,115,1491,'07:00:00','07:00:00','08:00:00','2020-04-26'),(1,1,109,109,1287,'07:00:00','07:00:00','08:00:00','2020-04-27'),(1,1,108,108,1447,'07:00:00','07:00:00','08:00:00','2020-04-28'),(1,1,113,113,1640,'07:00:00','07:00:00','08:00:00','2020-04-29'),(1,1,108,108,1393,'07:00:00','07:00:00','08:00:00','2020-04-30'),(1,1,124,124,1413,'07:00:00','07:00:00','08:00:00','2020-05-01'),(1,1,102,102,1659,'07:00:00','07:00:00','08:00:00','2020-05-02'),(1,1,105,105,1336,'07:00:00','07:00:00','08:00:00','2020-05-03'),(1,1,124,124,1201,'07:00:00','07:00:00','08:00:00','2020-05-04'),(1,1,126,126,1616,'07:00:00','07:00:00','08:00:00','2020-05-05'),(1,1,128,128,1402,'07:00:00','07:00:00','08:00:00','2020-05-06'),(1,1,125,125,1449,'07:00:00','07:00:00','08:00:00','2020-05-07'),(3,1,124,124,1312,'23:00:00','23:00:00','23:30:00','2020-04-22'),(3,1,125,125,1433,'23:00:00','23:00:00','23:30:00','2020-04-23'),(3,1,104,104,1606,'23:00:00','23:00:00','23:30:00','2020-04-24'),(3,1,105,105,1623,'23:00:00','23:00:00','23:30:00','2020-04-25'),(3,1,109,109,1273,'23:00:00','23:00:00','23:30:00','2020-04-26'),(3,1,130,130,1440,'23:00:00','23:00:00','23:30:00','2020-04-27'),(3,1,130,130,1464,'23:00:00','23:00:00','23:30:00','2020-04-28'),(3,1,103,103,1440,'23:00:00','23:00:00','23:30:00','2020-04-29'),(3,1,109,109,1443,'23:00:00','23:00:00','23:30:00','2020-04-30'),(3,1,128,128,1442,'23:00:00','23:00:00','23:30:00','2020-05-01'),(3,1,107,107,1511,'23:00:00','23:00:00','23:30:00','2020-05-02'),(3,1,129,129,1551,'23:00:00','23:00:00','23:30:00','2020-05-03'),(3,1,106,106,1375,'23:00:00','23:00:00','23:30:00','2020-05-04'),(3,1,113,113,1529,'23:00:00','23:00:00','23:30:00','2020-05-05'),(3,1,118,118,1638,'23:00:00','23:00:00','23:30:00','2020-05-06'),(3,1,107,107,1456,'23:00:00','23:00:00','23:30:00','2020-05-07'),(3,1,140,140,1470,'23:00:00','23:00:00','23:30:00','2020-05-13'),(3,1,122,122,1651,'23:00:00','23:00:00','23:30:00','2020-05-14'),(3,1,124,124,1239,'23:00:00','23:00:00','23:30:00','2020-05-15'),(3,1,118,118,1224,'23:00:00','23:00:00','23:30:00','2020-05-16'),(3,1,112,112,1616,'23:00:00','23:00:00','23:30:00','2020-05-17'),(3,1,133,133,1539,'23:00:00','23:00:00','23:30:00','2020-05-18'),(3,1,146,146,1527,'23:00:00','23:00:00','23:30:00','2020-05-19'),(3,1,127,127,1391,'23:00:00','23:00:00','23:30:00','2020-05-20'),(3,1,140,140,1359,'23:00:00','23:00:00','23:30:00','2020-05-21'),(3,1,146,146,1494,'23:00:00','23:00:00','23:30:00','2020-05-22'),(3,1,119,119,1336,'23:00:00','23:00:00','23:30:00','2020-05-23'),(3,1,130,130,1413,'23:00:00','23:00:00','23:30:00','2020-05-24'),(3,1,111,111,1405,'23:00:00','23:00:00','23:30:00','2020-05-25'),(3,1,131,131,1231,'23:00:00','23:00:00','23:30:00','2020-05-26'),(3,1,140,140,1503,'23:00:00','23:00:00','23:30:00','2020-05-27'),(3,1,109,109,1503,'23:00:00','23:00:00','23:30:00','2020-05-28'),(2,1,101,101,1630,'15:00:00','15:00:00','16:00:00','2020-05-13'),(2,1,117,117,1219,'15:00:00','15:00:00','16:00:00','2020-05-14'),(2,1,112,112,1272,'15:00:00','15:00:00','16:00:00','2020-05-15'),(2,1,144,144,1574,'15:00:00','15:00:00','16:00:00','2020-05-16'),(2,1,114,114,1226,'15:00:00','15:00:00','16:00:00','2020-05-17'),(2,1,108,108,1694,'15:00:00','15:00:00','16:00:00','2020-05-18'),(2,1,122,122,1268,'15:00:00','15:00:00','16:00:00','2020-05-19'),(2,1,126,126,1517,'15:00:00','15:00:00','16:00:00','2020-05-20'),(2,1,123,123,1590,'15:00:00','15:00:00','16:00:00','2020-05-21'),(2,1,114,114,1696,'15:00:00','15:00:00','16:00:00','2020-05-22'),(2,1,114,114,1390,'15:00:00','15:00:00','16:00:00','2020-05-23'),(2,1,146,146,1348,'15:00:00','15:00:00','16:00:00','2020-05-24'),(2,1,114,114,1284,'15:00:00','15:00:00','16:00:00','2020-05-25'),(2,1,150,150,1271,'15:00:00','15:00:00','16:00:00','2020-05-26'),(2,1,124,124,1325,'15:00:00','15:00:00','16:00:00','2020-05-27'),(2,1,116,116,1438,'15:00:00','15:00:00','16:00:00','2020-05-28'),(1,1,129,129,1237,'07:00:00','07:00:00','08:00:00','2020-05-13'),(1,1,143,143,1374,'07:00:00','07:00:00','08:00:00','2020-05-14'),(1,1,108,108,1634,'07:00:00','07:00:00','08:00:00','2020-05-15'),(1,1,117,117,1363,'07:00:00','07:00:00','08:00:00','2020-05-16'),(1,1,104,104,1308,'07:00:00','07:00:00','08:00:00','2020-05-17'),(1,1,103,103,1380,'07:00:00','07:00:00','08:00:00','2020-05-18'),(1,1,116,116,1408,'07:00:00','07:00:00','08:00:00','2020-05-19'),(1,1,110,110,1313,'07:00:00','07:00:00','08:00:00','2020-05-20'),(1,1,137,137,1311,'07:00:00','07:00:00','08:00:00','2020-05-21'),(1,1,105,105,1456,'07:00:00','07:00:00','08:00:00','2020-05-22'),(1,1,133,133,1633,'07:00:00','07:00:00','08:00:00','2020-05-23'),(1,1,142,142,1630,'07:00:00','07:00:00','08:00:00','2020-05-24'),(1,1,101,101,1250,'07:00:00','07:00:00','08:00:00','2020-05-25'),(1,1,112,112,1622,'07:00:00','07:00:00','08:00:00','2020-05-26'),(1,1,128,128,1581,'07:00:00','07:00:00','08:00:00','2020-05-27'),(1,1,111,111,1378,'07:00:00','07:00:00','08:00:00','2020-05-28'),(2,1,40,156,1126,'16:00:00','16:18:56','16:20:15','2020-05-28'),(2,1,85,85,2464,'14:00:00','14:10:07','14:44:11','2020-06-08'),(2,1,40,125,2794,'20:00:00','20:46:38','20:48:12','2020-06-08');
/*!40000 ALTER TABLE `data5` ENABLE KEYS */;
UNLOCK TABLES;

--
-- Table structure for table `data6`
--

DROP TABLE IF EXISTS `data6`;
/*!40101 SET @saved_cs_client     = @@character_set_client */;
/*!40101 SET character_set_client = utf8 */;
CREATE TABLE `data6` (
  `id_turno` tinyint(3) unsigned NOT NULL,
  `id_bloco` tinyint(3) unsigned NOT NULL,
  `nr_pecas_periodo` smallint(5) unsigned NOT NULL,
  `total_pecas_bloco` smallint(5) unsigned NOT NULL,
  `tempo_paragem_total` smallint(5) unsigned NOT NULL,
  `hora_inicio_periodo` time NOT NULL,
  `hora_primeira_peca` time NOT NULL,
  `hora_ultima_peca` time NOT NULL,
  `data` date NOT NULL
) ENGINE=InnoDB DEFAULT CHARSET=utf8 COLLATE=utf8_unicode_ci;
/*!40101 SET character_set_client = @saved_cs_client */;

--
-- Dumping data for table `data6`
--

LOCK TABLES `data6` WRITE;
/*!40000 ALTER TABLE `data6` DISABLE KEYS */;
INSERT INTO `data6` VALUES (2,1,0,0,3589,'17:00:00','00:00:00','17:59:59','2013-01-12'),(2,1,0,0,0,'18:00:00','00:00:00','18:00:00','2013-01-12'),(2,1,0,0,0,'15:00:00','00:00:00','15:00:00','2014-02-15'),(2,1,0,0,0,'16:00:00','00:00:00','16:00:00','2014-02-15'),(2,1,0,0,0,'17:00:00','00:00:00','17:00:00','2014-02-15'),(2,1,105,105,1266,'15:00:00','15:00:00','16:00:00','2020-04-22'),(2,1,100,100,1290,'15:00:00','15:00:00','16:00:00','2020-04-23'),(2,1,124,124,1259,'15:00:00','15:00:00','16:00:00','2020-04-24'),(2,1,108,108,1591,'15:00:00','15:00:00','16:00:00','2020-04-25'),(2,1,120,120,1489,'15:00:00','15:00:00','16:00:00','2020-04-26'),(2,1,112,112,1430,'15:00:00','15:00:00','16:00:00','2020-04-27'),(2,1,120,120,1450,'15:00:00','15:00:00','16:00:00','2020-04-28'),(2,1,111,111,1412,'15:00:00','15:00:00','16:00:00','2020-04-29'),(2,1,128,128,1509,'15:00:00','15:00:00','16:00:00','2020-04-30'),(2,1,123,123,1646,'15:00:00','15:00:00','16:00:00','2020-05-01'),(2,1,115,115,1396,'15:00:00','15:00:00','16:00:00','2020-05-02'),(2,1,112,112,1291,'15:00:00','15:00:00','16:00:00','2020-05-03'),(2,1,118,118,1506,'15:00:00','15:00:00','16:00:00','2020-05-04'),(2,1,108,108,1531,'15:00:00','15:00:00','16:00:00','2020-05-05'),(2,1,125,125,1418,'15:00:00','15:00:00','16:00:00','2020-05-06'),(2,1,118,118,1488,'15:00:00','15:00:00','16:00:00','2020-05-07'),(1,1,119,119,1394,'07:00:00','07:00:00','08:00:00','2020-04-22'),(1,1,115,115,1414,'07:00:00','07:00:00','08:00:00','2020-04-23'),(1,1,128,128,1540,'07:00:00','07:00:00','08:00:00','2020-04-24'),(1,1,102,102,1698,'07:00:00','07:00:00','08:00:00','2020-04-25'),(1,1,107,107,1283,'07:00:00','07:00:00','08:00:00','2020-04-26'),(1,1,100,100,1544,'07:00:00','07:00:00','08:00:00','2020-04-27'),(1,1,123,123,1682,'07:00:00','07:00:00','08:00:00','2020-04-28'),(1,1,103,103,1367,'07:00:00','07:00:00','08:00:00','2020-04-29'),(1,1,127,127,1252,'07:00:00','07:00:00','08:00:00','2020-04-30'),(1,1,119,119,1291,'07:00:00','07:00:00','08:00:00','2020-05-01'),(1,1,116,116,1271,'07:00:00','07:00:00','08:00:00','2020-05-02'),(1,1,129,129,1436,'07:00:00','07:00:00','08:00:00','2020-05-03'),(1,1,122,122,1676,'07:00:00','07:00:00','08:00:00','2020-05-04'),(1,1,117,117,1545,'07:00:00','07:00:00','08:00:00','2020-05-05'),(1,1,109,109,1698,'07:00:00','07:00:00','08:00:00','2020-05-06'),(1,1,116,116,1670,'07:00:00','07:00:00','08:00:00','2020-05-07'),(3,1,114,114,1229,'23:00:00','23:00:00','23:30:00','2020-04-22'),(3,1,111,111,1586,'23:00:00','23:00:00','23:30:00','2020-04-23'),(3,1,113,113,1217,'23:00:00','23:00:00','23:30:00','2020-04-24'),(3,1,113,113,1317,'23:00:00','23:00:00','23:30:00','2020-04-25'),(3,1,122,122,1209,'23:00:00','23:00:00','23:30:00','2020-04-26'),(3,1,108,108,1596,'23:00:00','23:00:00','23:30:00','2020-04-27'),(3,1,103,103,1230,'23:00:00','23:00:00','23:30:00','2020-04-28'),(3,1,119,119,1246,'23:00:00','23:00:00','23:30:00','2020-04-29'),(3,1,116,116,1676,'23:00:00','23:00:00','23:30:00','2020-04-30'),(3,1,111,111,1213,'23:00:00','23:00:00','23:30:00','2020-05-01'),(3,1,102,102,1644,'23:00:00','23:00:00','23:30:00','2020-05-02'),(3,1,115,115,1558,'23:00:00','23:00:00','23:30:00','2020-05-03'),(3,1,130,130,1567,'23:00:00','23:00:00','23:30:00','2020-05-04'),(3,1,118,118,1394,'23:00:00','23:00:00','23:30:00','2020-05-05'),(3,1,105,105,1674,'23:00:00','23:00:00','23:30:00','2020-05-06'),(3,1,117,117,1433,'23:00:00','23:00:00','23:30:00','2020-05-07'),(3,1,147,147,1255,'23:00:00','23:00:00','23:30:00','2020-05-13'),(3,1,142,142,1404,'23:00:00','23:00:00','23:30:00','2020-05-14'),(3,1,108,108,1475,'23:00:00','23:00:00','23:30:00','2020-05-15'),(3,1,126,126,1242,'23:00:00','23:00:00','23:30:00','2020-05-16'),(3,1,116,116,1381,'23:00:00','23:00:00','23:30:00','2020-05-17'),(3,1,106,106,1293,'23:00:00','23:00:00','23:30:00','2020-05-18'),(3,1,116,116,1633,'23:00:00','23:00:00','23:30:00','2020-05-19'),(3,1,141,141,1687,'23:00:00','23:00:00','23:30:00','2020-05-20'),(3,1,139,139,1429,'23:00:00','23:00:00','23:30:00','2020-05-21'),(3,1,145,145,1200,'23:00:00','23:00:00','23:30:00','2020-05-22'),(3,1,128,128,1631,'23:00:00','23:00:00','23:30:00','2020-05-23'),(3,1,127,127,1626,'23:00:00','23:00:00','23:30:00','2020-05-24'),(3,1,136,136,1411,'23:00:00','23:00:00','23:30:00','2020-05-25'),(3,1,116,116,1369,'23:00:00','23:00:00','23:30:00','2020-05-26'),(3,1,106,106,1646,'23:00:00','23:00:00','23:30:00','2020-05-27'),(3,1,146,146,1225,'23:00:00','23:00:00','23:30:00','2020-05-28'),(2,1,120,120,1319,'15:00:00','15:00:00','16:00:00','2020-05-13'),(2,1,110,110,1239,'15:00:00','15:00:00','16:00:00','2020-05-14'),(2,1,133,133,1490,'15:00:00','15:00:00','16:00:00','2020-05-15'),(2,1,114,114,1391,'15:00:00','15:00:00','16:00:00','2020-05-16'),(2,1,116,116,1450,'15:00:00','15:00:00','16:00:00','2020-05-17'),(2,1,110,110,1610,'15:00:00','15:00:00','16:00:00','2020-05-18'),(2,1,136,136,1245,'15:00:00','15:00:00','16:00:00','2020-05-19'),(2,1,106,106,1348,'15:00:00','15:00:00','16:00:00','2020-05-20'),(2,1,134,134,1318,'15:00:00','15:00:00','16:00:00','2020-05-21'),(2,1,113,113,1235,'15:00:00','15:00:00','16:00:00','2020-05-22'),(2,1,113,113,1341,'15:00:00','15:00:00','16:00:00','2020-05-23'),(2,1,110,110,1325,'15:00:00','15:00:00','16:00:00','2020-05-24'),(2,1,105,105,1288,'15:00:00','15:00:00','16:00:00','2020-05-25'),(2,1,110,110,1312,'15:00:00','15:00:00','16:00:00','2020-05-26'),(2,1,123,123,1226,'15:00:00','15:00:00','16:00:00','2020-05-27'),(2,1,115,115,1530,'15:00:00','15:00:00','16:00:00','2020-05-28'),(1,1,108,108,1445,'07:00:00','07:00:00','08:00:00','2020-05-13'),(1,1,136,136,1481,'07:00:00','07:00:00','08:00:00','2020-05-14'),(1,1,149,149,1416,'07:00:00','07:00:00','08:00:00','2020-05-15'),(1,1,139,139,1365,'07:00:00','07:00:00','08:00:00','2020-05-16'),(1,1,113,113,1290,'07:00:00','07:00:00','08:00:00','2020-05-17'),(1,1,139,139,1445,'07:00:00','07:00:00','08:00:00','2020-05-18'),(1,1,126,126,1312,'07:00:00','07:00:00','08:00:00','2020-05-19'),(1,1,139,139,1526,'07:00:00','07:00:00','08:00:00','2020-05-20'),(1,1,134,134,1339,'07:00:00','07:00:00','08:00:00','2020-05-21'),(1,1,149,149,1330,'07:00:00','07:00:00','08:00:00','2020-05-22'),(1,1,100,100,1205,'07:00:00','07:00:00','08:00:00','2020-05-23'),(1,1,115,115,1210,'07:00:00','07:00:00','08:00:00','2020-05-24'),(1,1,150,150,1312,'07:00:00','07:00:00','08:00:00','2020-05-25'),(1,1,135,135,1399,'07:00:00','07:00:00','08:00:00','2020-05-26'),(1,1,136,136,1207,'07:00:00','07:00:00','08:00:00','2020-05-27'),(1,1,109,109,1403,'07:00:00','07:00:00','08:00:00','2020-05-28'),(2,1,38,153,1128,'16:00:00','16:18:58','16:20:13','2020-05-28'),(2,1,85,85,2463,'14:00:00','14:10:07','14:44:11','2020-06-08'),(2,1,27,112,2788,'20:00:00','20:46:38','20:47:32','2020-06-08');
/*!40000 ALTER TABLE `data6` ENABLE KEYS */;
UNLOCK TABLES;

--
-- Table structure for table `def_turno`
--

DROP TABLE IF EXISTS `def_turno`;
/*!40101 SET @saved_cs_client     = @@character_set_client */;
/*!40101 SET character_set_client = utf8 */;
CREATE TABLE `def_turno` (
  `id_turno` tinyint(3) unsigned NOT NULL,
  `hora_inicio` time NOT NULL,
  `hora_fim` time NOT NULL
) ENGINE=InnoDB DEFAULT CHARSET=utf8 COLLATE=utf8_unicode_ci;
/*!40101 SET character_set_client = @saved_cs_client */;

--
-- Dumping data for table `def_turno`
--

LOCK TABLES `def_turno` WRITE;
/*!40000 ALTER TABLE `def_turno` DISABLE KEYS */;
INSERT INTO `def_turno` VALUES (1,'06:00:00','14:00:00'),(2,'14:00:00','22:00:00'),(3,'22:00:00','06:00:00');
/*!40000 ALTER TABLE `def_turno` ENABLE KEYS */;
UNLOCK TABLES;

--
-- Table structure for table `info`
--

DROP TABLE IF EXISTS `info`;
/*!40101 SET @saved_cs_client     = @@character_set_client */;
/*!40101 SET character_set_client = utf8 */;
CREATE TABLE `info` (
  `n_postos` int(11) NOT NULL,
  `n_turnos` int(11) NOT NULL
) ENGINE=InnoDB DEFAULT CHARSET=latin1;
/*!40101 SET character_set_client = @saved_cs_client */;

--
-- Dumping data for table `info`
--

LOCK TABLES `info` WRITE;
/*!40000 ALTER TABLE `info` DISABLE KEYS */;
INSERT INTO `info` VALUES (6,3);
/*!40000 ALTER TABLE `info` ENABLE KEYS */;
UNLOCK TABLES;
/*!40103 SET TIME_ZONE=@OLD_TIME_ZONE */;

/*!40101 SET SQL_MODE=@OLD_SQL_MODE */;
/*!40014 SET FOREIGN_KEY_CHECKS=@OLD_FOREIGN_KEY_CHECKS */;
/*!40014 SET UNIQUE_CHECKS=@OLD_UNIQUE_CHECKS */;
/*!40101 SET CHARACTER_SET_CLIENT=@OLD_CHARACTER_SET_CLIENT */;
/*!40101 SET CHARACTER_SET_RESULTS=@OLD_CHARACTER_SET_RESULTS */;
/*!40101 SET COLLATION_CONNECTION=@OLD_COLLATION_CONNECTION */;
/*!40111 SET SQL_NOTES=@OLD_SQL_NOTES */;

-- Dump completed on 2020-06-10 14:30:13
